AgeGroup_ordinal,TPR,FPR,Precision,Dem. Par.
1,1.0,0.3333333333333333,0.8,0.7142857142857143
2,0.9090909090909092,0.2307692307692307,0.7692307692307693,0.5416666666666666
3,0.7435897435897436,0.1363636363636363,0.7631578947368421,0.3619047619047619
4,0.8,0.3333333333333333,0.5333333333333333,0.4838709677419355
5,1.0,0.0,1.0,0.2
