Modelo,Accuracy,Precision,Recall,F1-Score,ROC-AUC
Regresión Logística,0.7988826815642458,0.7088607594936709,0.8115942028985508,0.7567567567567568,0.8638998682476945
Random Forest,0.8100558659217877,0.7272727272727273,0.8115942028985508,0.7671232876712328,0.8621870882740449
XGBoost,0.7988826815642458,0.72,0.782608695652174,0.75,0.8581027667984191
SVM,0.6145251396648045,0.0,0.0,0.0,0.746179183135705
