Sexo,TPR,FPR,Precision,Dem. Par.
Hombre,0.5,0.1276595744680851,0.5,0.2033898305084746
Mujer,0.9777777777777776,0.5625,0.8301886792452831,0.8688524590163934
