Clase,TPR,FPR,Precision,Dem. Par.
1,0.84,0.55,0.65625,0.7111111111111111
2,0.9,0.0714285714285714,0.9473684210526316,0.5588235294117647
3,0.7083333333333334,0.1184210526315789,0.6538461538461539,0.26
